Position,Evaluation
rnbqkbnr/pppppppp/8/8/3P4/8/PPP1PPPP/RNBQKBNR b KQkq - 0 1,39
rnbqkbnr/ppp1pppp/8/3p4/3P4/8/PPP1PPPP/RNBQKBNR w KQkq - 0 2,36
rnbqkbnr/ppp1pppp/8/3p4/2PP4/8/PP2PPPP/RNBQKBNR b KQkq - 0 2,37
rnbqkbnr/pp2pppp/2p5/3p4/2PP4/8/PP2PPPP/RNBQKBNR w KQkq - 0 3,38
rnbqkbnr/pp2pppp/2p5/3P4/3P4/8/PP2PPPP/RNBQKBNR b KQkq - 0 3,20
rnbqkbnr/pp3ppp/2p1p3/3P4/3P4/8/PP2PPPP/RNBQKBNR w KQkq - 0 4,185
rnbqkbnr/pp3ppp/2p1P3/8/3P4/8/PP2PPPP/RNBQKBNR b KQkq - 0 4,179
rnbqkbnr/pp4pp/2p1p3/8/3P4/8/PP2PPPP/RNBQKBNR w KQkq - 0 5,227
rnbqkbnr/pp4pp/2p1p3/8/3P4/5N2/PP2PPPP/RNBQKB1R b KQkq - 1 5,241
rnbqk1nr/pp4pp/2p1p3/8/1b1P4/5N2/PP2PPPP/RNBQKB1R w KQkq - 2 6,267
rnbqk1nr/pp4pp/2p1p3/8/1b1P4/2N2N2/PP2PPPP/R1BQKB1R b KQkq - 3 6,221
rnbqk1nr/pp4pp/2p1p3/b7/3P4/2N2N2/PP2PPPP/R1BQKB1R w KQkq - 4 7,286
rnbqk1nr/pp4pp/2p1p3/b7/3P1B2/2N2N2/PP2PPPP/R2QKB1R b KQkq - 5 7,271
rnbqkbnr/pppppppp/8/8/3P4/8/PPP1PPPP/RNBQKBNR b KQkq - 0 1,29
r1bqkbnr/pppppppp/2n5/8/3P4/8/PPP1PPPP/RNBQKBNR w KQkq - 1 2,73
r1bqkbnr/pppppppp/2n5/8/3PP3/8/PPP2PPP/RNBQKBNR b KQkq - 0 2,61
r1bqkbnr/pppp1ppp/2n5/4p3/3PP3/8/PPP2PPP/RNBQKBNR w KQkq - 0 3,69
r1bqkbnr/pppp1ppp/2n5/4p3/3PPP2/8/PPP3PP/RNBQKBNR b KQkq - 0 3,-113
r1bqkbnr/pppp2pp/2n2p2/4p3/3PPP2/8/PPP3PP/RNBQKBNR w KQkq - 0 4,115
r1bqkbnr/pppp2pp/2n2p2/4P3/4PP2/8/PPP3PP/RNBQKBNR b KQkq - 0 4,67
r1bqkbnr/pppp2pp/2n5/4p3/4PP2/8/PPP3PP/RNBQKBNR w KQkq - 0 5,82
r1bqkbnr/pppp2pp/2n5/4P3/4P3/8/PPP3PP/RNBQKBNR b KQkq - 0 5,-148
r1bqkbnr/pppp2pp/8/4n3/4P3/8/PPP3PP/RNBQKBNR w KQkq - 0 6,49
r1bqkbnr/pppp2pp/8/4n3/3QP3/8/PPP3PP/RNB1KBNR b KQkq - 1 6,-13
r1bqkbnr/pppp2pp/2n5/8/3QP3/8/PPP3PP/RNB1KBNR w KQkq - 2 7,4
r1bqkbnr/pppp2pp/2n5/4Q3/4P3/8/PPP3PP/RNB1KBNR b KQkq - 3 7,-675
r1bqkbnr/pppp2pp/8/4n3/4P3/8/PPP3PP/RNB1KBNR w KQkq - 0 8,-722
r1bqkbnr/pppp2pp/8/4n3/2P1P3/8/PP4PP/RNB1KBNR b KQkq - 0 8,-883
r1bqk1nr/pppp2pp/8/4n3/1bP1P3/8/PP4PP/RNB1KBNR w KQkq - 1 9,-782
rnbqkbnr/pppppppp/8/8/4P3/8/PPPP1PPP/RNBQKBNR b KQkq - 0 1,45
rnbqkbnr/pppp1ppp/8/4p3/4P3/8/PPPP1PPP/RNBQKBNR w KQkq - 0 2,44
rnbqkbnr/pppp1ppp/8/4p3/4P3/3P4/PPP2PPP/RNBQKBNR b KQkq - 0 2,3
rnbqkbnr/ppp2ppp/3p4/4p3/4P3/3P4/PPP2PPP/RNBQKBNR w KQkq - 0 3,19
rnbqkbnr/ppp2ppp/3p4/4p3/4P3/3PB3/PPP2PPP/RN1QKBNR b KQkq - 1 3,3
rnbqkbnr/pp3ppp/2pp4/4p3/4P3/3PB3/PPP2PPP/RN1QKBNR w KQkq - 0 4,19
rnbqkbnr/pp3ppp/2pp4/4p3/4P3/3PB3/PPP1BPPP/RN1QK1NR b KQkq - 1 4,-2
rnbqkbnr/p4ppp/2pp4/1p2p3/4P3/3PB3/PPP1BPPP/RN1QK1NR w KQkq - 0 5,63
rnbqkbnr/p4ppp/2pp4/1p2p3/4P3/3PB3/PPPNBPPP/R2QK1NR b KQkq - 1 5,54
rnbqkbnr/5ppp/2pp4/pp2p3/4P3/3PB3/PPPNBPPP/R2QK1NR w KQkq - 0 6,65
rnbqkbnr/5ppp/2pp4/pp2p3/P3P3/3PB3/1PPNBPPP/R2QK1NR b KQkq - 0 6,62
rnbqkbnr/5ppp/3p4/ppp1p3/P3P3/3PB3/1PPNBPPP/R2QK1NR w KQkq - 0 7,246
rnbqkbnr/5ppp/3p4/pPp1p3/4P3/3PB3/1PPNBPPP/R2QK1NR b KQkq - 0 7,242
r1bqkbnr/5ppp/2np4/pPp1p3/4P3/3PB3/1PPNBPPP/R2QK1NR w KQkq - 1 8,560
r1bqkbnr/5ppp/2Pp4/p1p1p3/4P3/3PB3/1PPNBPPP/R2QK1NR b KQkq - 0 8,565
2bqkbnr/5ppp/r1Pp4/p1p1p3/4P3/3PB3/1PPNBPPP/R2QK1NR w KQk - 1 9,614
2bqkbnr/5ppp/r1Pp4/p1p1p3/2N1P3/3PB3/1PP1BPPP/R2QK1NR b KQk - 2 9,594
2bqkbnr/5ppp/r1Pp4/2p1p3/p1N1P3/3PB3/1PP1BPPP/R2QK1NR w KQk - 0 10,614
2bqkbnr/5ppp/r1Pp4/2p1p3/p1N1P3/2PPB3/1P2BPPP/R2QK1NR b KQk - 0 10,589
2bqkbnr/5ppp/r1Pp4/2p1p3/2N1P3/p1PPB3/1P2BPPP/R2QK1NR w KQk - 0 11,629
2bqkbnr/5ppp/r1Pp4/2p1p3/4P3/N1PPB3/1P2BPPP/R2QK1NR b KQk - 0 11,613
2bqkbnr/5ppp/2Pp4/2p1p3/4P3/r1PPB3/1P2BPPP/R2QK1NR w KQk - 0 12,675
2bqkbnr/5ppp/2Pp4/2p1p3/4P3/R1PPB3/1P2BPPP/3QK1NR b Kk - 0 12,652
2bqkbnr/5ppp/2Pp4/4p3/2p1P3/R1PPB3/1P2BPPP/3QK1NR w Kk - 0 13,737
2bqkbnr/5ppp/2Pp4/4p3/2P1P3/R1P1B3/1P2BPPP/3QK1NR b Kk - 0 13,710
2bqkbnr/5ppp/2P5/3pp3/2P1P3/R1P1B3/1P2BPPP/3QK1NR w Kk - 0 14,769
2bqkbnr/5ppp/2P5/3Pp3/4P3/R1P1B3/1P2BPPP/3QK1NR b Kk - 0 14,672
2b1kbnr/5ppp/2P5/3qp3/4P3/R1P1B3/1P2BPPP/3QK1NR w Kk - 0 15,1593
2b1kbnr/5ppp/2P5/3Pp3/8/R1P1B3/1P2BPPP/3QK1NR b Kk - 0 15,1051
4kbnr/5ppp/2P1b3/3Pp3/8/R1P1B3/1P2BPPP/3QK1NR w Kk - 1 16,Mate in <bound method Mate.mate of Mate(+5)>
R3kbnr/5ppp/2P1b3/3Pp3/8/2P1B3/1P2BPPP/3QK1NR b Kk - 2 16,Mate in <bound method Mate.mate of Mate(-5)>
R4bnr/4kppp/2P1b3/3Pp3/8/2P1B3/1P2BPPP/3QK1NR w K - 3 17,Mate in <bound method Mate.mate of Mate(+5)>
R4bnr/4kppp/2P1b3/2BPp3/8/2P5/1P2BPPP/3QK1NR b K - 4 17,1548
R4bnr/5ppp/2P1bk2/2BPp3/8/2P5/1P2BPPP/3QK1NR w K - 5 18,1609
R4Bnr/5ppp/2P1bk2/3Pp3/8/2P5/1P2BPPP/3QK1NR b K - 0 18,1686
R4Bnr/5ppp/2P1b1k1/3Pp3/8/2P5/1P2BPPP/3QK1NR w K - 1 19,Mate in <bound method Mate.mate of Mate(+6)>
R5nr/5pBp/2P1b1k1/3Pp3/8/2P5/1P2BPPP/3QK1NR b K - 0 19,1470
R5nr/5pkp/2P1b3/3Pp3/8/2P5/1P2BPPP/3QK1NR w K - 0 20,1589
R5nr/5pkp/2P1P3/4p3/8/2P5/1P2BPPP/3QK1NR b K - 0 20,1626
R5nr/5p1p/2P1P2k/4p3/8/2P5/1P2BPPP/3QK1NR w K - 1 21,Mate in <bound method Mate.mate of Mate(+6)>
R5nr/5P1p/2P4k/4p3/8/2P5/1P2BPPP/3QK1NR b K - 0 21,Mate in <bound method Mate.mate of Mate(-5)>
R6r/5P1p/2P2n1k/4p3/8/2P5/1P2BPPP/3QK1NR w K - 1 22,Mate in <bound method Mate.mate of Mate(+5)>
7R/5P1p/2P2n1k/4p3/8/2P5/1P2BPPP/3QK1NR b K - 0 22,Mate in <bound method Mate.mate of Mate(-4)>
7R/5P1p/2P4k/4p2n/8/2P5/1P2BPPP/3QK1NR w K - 1 23,Mate in <bound method Mate.mate of Mate(+3)>
7R/5P1p/2P4k/4p2B/8/2P5/1P3PPP/3QK1NR b K - 0 23,Mate in <bound method Mate.mate of Mate(-2)>
7R/5P1p/2P5/4p1kB/8/2P5/1P3PPP/3QK1NR w K - 1 24,Mate in <bound method Mate.mate of Mate(+2)>
8/5P1R/2P5/4p1kB/8/2P5/1P3PPP/3QK1NR b K - 0 24,Mate in <bound method Mate.mate of Mate(-2)>
8/5P1R/2P5/4pk1B/8/2P5/1P3PPP/3QK1NR w K - 1 25,Mate in <bound method Mate.mate of Mate(+2)>
8/5P1R/2P5/4pk1B/8/2P2Q2/1P3PPP/4K1NR b K - 2 25,Mate in <bound method Mate.mate of Mate(-2)>
8/5P1R/2P1k3/4p2B/8/2P2Q2/1P3PPP/4K1NR w K - 3 26,Mate in <bound method Mate.mate of Mate(+2)>
8/5P1R/2P1k3/4p3/6B1/2P2Q2/1P3PPP/4K1NR b K - 4 26,Mate in <bound method Mate.mate of Mate(-1)>
8/5P1R/2Pk4/4p3/6B1/2P2Q2/1P3PPP/4K1NR w K - 5 27,Mate in <bound method Mate.mate of Mate(+1)>
8/5P2/2Pk3R/4p3/6B1/2P2Q2/1P3PPP/4K1NR b K - 6 27,Mate in <bound method Mate.mate of Mate(-3)>
8/5P2/2P4R/2k1p3/6B1/2P2Q2/1P3PPP/4K1NR w K - 7 28,Mate in <bound method Mate.mate of Mate(+3)>
8/5P2/2P4R/2k1p3/6B1/2P1Q3/1P3PPP/4K1NR b K - 8 28,Mate in <bound method Mate.mate of Mate(-3)>
8/5P2/2P4R/1k2p3/6B1/2P1Q3/1P3PPP/4K1NR w K - 9 29,Mate in <bound method Mate.mate of Mate(+3)>
8/5P2/2P4R/1k2p3/2P3B1/4Q3/1P3PPP/4K1NR b K - 0 29,Mate in <bound method Mate.mate of Mate(-3)>
8/5P2/2P4R/4p3/1kP3B1/4Q3/1P3PPP/4K1NR w K - 1 30,Mate in <bound method Mate.mate of Mate(+2)>
8/5P2/2P4R/4p3/1kP3B1/2Q5/1P3PPP/4K1NR b K - 2 30,Mate in <bound method Mate.mate of Mate(-2)>
8/5P2/2P4R/4p3/k1P3B1/2Q5/1P3PPP/4K1NR w K - 3 31,Mate in <bound method Mate.mate of Mate(+1)>
8/5P2/2P4R/4p3/k1P5/2Q5/1P3PPP/3BK1NR b K - 4 31,Mate in <bound method Mate.mate of Mate(-0)>
rnbqkbnr/pppppppp/8/8/3P4/8/PPP1PPPP/RNBQKBNR b KQkq - 0 1,30
rnbqkbnr/ppp1pppp/8/3p4/3P4/8/PPP1PPPP/RNBQKBNR w KQkq - 0 2,30
rnbqkbnr/ppp1pppp/8/3p4/3P4/5N2/PPP1PPPP/RNBQKB1R b KQkq - 1 2,32
rn1qkbnr/ppp1pppp/8/3p1b2/3P4/5N2/PPP1PPPP/RNBQKB1R w KQkq - 2 3,58
rn1qkbnr/ppp1pppp/8/3p1b2/3P4/2N2N2/PPP1PPPP/R1BQKB1R b KQkq - 3 3,-3
rn1qkb1r/ppp1pppp/5n2/3p1b2/3P4/2N2N2/PPP1PPPP/R1BQKB1R w KQkq - 4 4,2
rn1qkb1r/ppp1pppp/5n2/3p1b2/3P1B2/2N2N2/PPP1PPPP/R2QKB1R b KQkq - 5 4,0
rn1qkb1r/ppp1pppp/8/3p1b2/3P1Bn1/2N2N2/PPP1PPPP/R2QKB1R w KQkq - 6 5,79
rn1qkb1r/ppp1pppp/8/3p1b2/3P1Bn1/2N1PN2/PPP2PPP/R2QKB1R b KQkq - 0 5,59
r2qkb1r/ppp1pppp/2n5/3p1b2/3P1Bn1/2N1PN2/PPP2PPP/R2QKB1R w KQkq - 1 6,121
r2qkb1r/ppp1pppp/2n5/3p1b2/3P1Bn1/2N1PN2/PPP1BPPP/R2QK2R b KQkq - 2 6,60
r3kb1r/pppqpppp/2n5/3p1b2/3P1Bn1/2N1PN2/PPP1BPPP/R2QK2R w KQkq - 3 7,171
r3kb1r/pppqpppp/2n5/3p1b2/3P1Bn1/2N1PN2/PPP1BPPP/R2Q1RK1 b kq - 4 7,112
2kr1b1r/pppqpppp/2n5/3p1b2/3P1Bn1/2N1PN2/PPP1BPPP/R2Q1RK1 w - - 5 8,185
2kr1b1r/pppqpppp/2n5/1N1p1b2/3P1Bn1/4PN2/PPP1BPPP/R2Q1RK1 b - - 6 8,227
2kr1b1r/pppqpppp/8/1N1p1b2/1n1P1Bn1/4PN2/PPP1BPPP/R2Q1RK1 w - - 7 9,365
2kr1b1r/pppqpppp/8/1N1p1b2/1n1P1Bn1/4PN2/PPP1BPPP/2RQ1RK1 b - - 8 9,248
2kr1b1r/pppqpppp/8/1N1p1b2/3P1Bn1/4PN2/nPP1BPPP/2RQ1RK1 w - - 0 10,556
2kr1b1r/pppqpppp/8/1N1p1b2/3P1Bn1/4PN2/nPP1BPPP/R2Q1RK1 b - - 1 10,574
2kr1b1r/pppqpppp/8/1N1p1b2/1n1P1Bn1/4PN2/1PP1BPPP/R2Q1RK1 w - - 2 11,651
2kr1b1r/Nppqpppp/8/3p1b2/1n1P1Bn1/4PN2/1PP1BPPP/R2Q1RK1 b - - 0 11,622
1k1r1b1r/Nppqpppp/8/3p1b2/1n1P1Bn1/4PN2/1PP1BPPP/R2Q1RK1 w - - 1 12,617
1k1r1b1r/1ppqpppp/8/1N1p1b2/1n1P1Bn1/4PN2/1PP1BPPP/R2Q1RK1 b - - 2 12,497
1k1r1b1r/1ppqpppp/8/1N1p4/1n1P1Bn1/4PN2/1Pb1BPPP/R2Q1RK1 w - - 0 13,564
1k1r1b1r/1pBqpppp/8/1N1p4/1n1P2n1/4PN2/1Pb1BPPP/R2Q1RK1 b - - 0 13,559
2kr1b1r/1pBqpppp/8/1N1p4/1n1P2n1/4PN2/1Pb1BPPP/R2Q1RK1 w - - 1 14,Mate in <bound method Mate.mate of Mate(+1)>
2kr1b1r/1pBqpppp/8/1N1p4/1n1P2n1/4PN2/1PbQBPPP/R4RK1 b - - 2 14,819
2kr1b1r/1pB1pppp/2q5/1N1p4/1n1P2n1/4PN2/1PbQBPPP/R4RK1 w - - 3 15,958
2kr1b1r/NpB1pppp/2q5/3p4/1n1P2n1/4PN2/1PbQBPPP/R4RK1 b - - 4 15,758
3r1b1r/NpBkpppp/2q5/3p4/1n1P2n1/4PN2/1PbQBPPP/R4RK1 w - - 5 16,929
3r1b1r/1pBkpppp/2N5/3p4/1n1P2n1/4PN2/1PbQBPPP/R4RK1 b - - 0 16,950
3r1b1r/2Bkpppp/2p5/3p4/1n1P2n1/4PN2/1PbQBPPP/R4RK1 w - - 0 17,1159
3B1b1r/3kpppp/2p5/3p4/1n1P2n1/4PN2/1PbQBPPP/R4RK1 b - - 0 17,1130
3k1b1r/4pppp/2p5/3p4/1n1P2n1/4PN2/1PbQBPPP/R4RK1 w - - 0 18,Mate in <bound method Mate.mate of Mate(+6)>
3k1b1r/4pppp/2p5/3p4/1Q1P2n1/4PN2/1Pb1BPPP/R4RK1 b - - 0 18,Mate in <bound method Mate.mate of Mate(-5)>
3k1b1r/5ppp/2p5/3pp3/1Q1P2n1/4PN2/1Pb1BPPP/R4RK1 w - - 0 19,Mate in <bound method Mate.mate of Mate(+4)>
1Q1k1b1r/5ppp/2p5/3pp3/3P2n1/4PN2/1Pb1BPPP/R4RK1 b - - 1 19,Mate in <bound method Mate.mate of Mate(-6)>
1Q3b1r/4kppp/2p5/3pp3/3P2n1/4PN2/1Pb1BPPP/R4RK1 w - - 2 20,Mate in <bound method Mate.mate of Mate(+5)>
1Q3b1r/4kppp/2p5/3pP3/6n1/4PN2/1Pb1BPPP/R4RK1 b - - 0 20,Mate in <bound method Mate.mate of Mate(-4)>
1Q3b1r/4kppp/2p5/3pP3/4b1n1/4PN2/1P2BPPP/R4RK1 w - - 1 21,Mate in <bound method Mate.mate of Mate(+2)>
1Q3b1r/R3kppp/2p5/3pP3/4b1n1/4PN2/1P2BPPP/5RK1 b - - 2 21,Mate in <bound method Mate.mate of Mate(-1)>
1Q3b1r/R4ppp/2p1k3/3pP3/4b1n1/4PN2/1P2BPPP/5RK1 w - - 3 22,Mate in <bound method Mate.mate of Mate(+1)>
4Qb1r/R4ppp/2p1k3/3pP3/4b1n1/4PN2/1P2BPPP/5RK1 b - - 4 22,Mate in <bound method Mate.mate of Mate(-3)>
4Qb1r/R4ppp/2p5/3pPk2/4b1n1/4PN2/1P2BPPP/5RK1 w - - 5 23,Mate in <bound method Mate.mate of Mate(+3)>
5b1r/R4Qpp/2p5/3pPk2/4b1n1/4PN2/1P2BPPP/5RK1 b - - 0 23,Mate in <bound method Mate.mate of Mate(-5)>
5b1r/R4Qpp/2p2n2/3pPk2/4b3/4PN2/1P2BPPP/5RK1 w - - 1 24,Mate in <bound method Mate.mate of Mate(+5)>
5b1r/R4Qpp/2p2n2/3pPk2/4b2N/4P3/1P2BPPP/5RK1 b - - 2 24,Mate in <bound method Mate.mate of Mate(-5)>
5b1r/R4Qpp/2p2n2/3pP1k1/4b2N/4P3/1P2BPPP/5RK1 w - - 3 25,Mate in <bound method Mate.mate of Mate(+5)>
5b1r/R4Qpp/2p2n2/3pP1k1/4b2N/4P1P1/1P2BP1P/5RK1 b - - 0 25,Mate in <bound method Mate.mate of Mate(-6)>
5b1r/R4Qpp/2p5/3pP1k1/4b1nN/4P1P1/1P2BP1P/5RK1 w - - 1 26,Mate in <bound method Mate.mate of Mate(+2)>
5b1r/R5pp/2p5/3pP1k1/4bQnN/4P1P1/1P2BP1P/5RK1 b - - 2 26,Mate in <bound method Mate.mate of Mate(-1)>
5b1r/R5pp/2p5/3pP2k/4bQnN/4P1P1/1P2BP1P/5RK1 w - - 3 27,Mate in <bound method Mate.mate of Mate(+1)>
5b1r/R5pp/2p5/3pP2k/4b1QN/4P1P1/1P2BP1P/5RK1 b - - 0 27,Mate in <bound method Mate.mate of Mate(-1)>
5b1r/R5pp/2p4k/3pP3/4b1QN/4P1P1/1P2BP1P/5RK1 w - - 1 28,Mate in <bound method Mate.mate of Mate(+1)>
5b1r/R5pp/2p4k/3pP3/4bQ1N/4P1P1/1P2BP1P/5RK1 b - - 2 28,Mate in <bound method Mate.mate of Mate(-2)>
5b1r/R6p/2p4k/3pP1p1/4bQ1N/4P1P1/1P2BP1P/5RK1 w - - 0 29,Mate in <bound method Mate.mate of Mate(+2)>
5b1r/R6p/2p2Q1k/3pP1p1/4b2N/4P1P1/1P2BP1P/5RK1 b - - 1 29,Mate in <bound method Mate.mate of Mate(-1)>
5b1r/R6p/2p2Qbk/3pP1p1/7N/4P1P1/1P2BP1P/5RK1 w - - 2 30,Mate in <bound method Mate.mate of Mate(+1)>
5b1r/R6p/2p2QNk/3pP1p1/8/4P1P1/1P2BP1P/5RK1 b - - 0 30,Mate in <bound method Mate.mate of Mate(-2)>
7r/R5bp/2p2QNk/3pP1p1/8/4P1P1/1P2BP1P/5RK1 w - - 1 31,Mate in <bound method Mate.mate of Mate(+1)>
7r/R5Qp/2p3Nk/3pP1p1/8/4P1P1/1P2BP1P/5RK1 b - - 0 31,Mate in <bound method Mate.mate of Mate(-0)>
rnbqkbnr/pppppppp/8/8/4P3/8/PPPP1PPP/RNBQKBNR b KQkq - 0 1,24
rnbqkbnr/pppp1ppp/8/4p3/4P3/8/PPPP1PPP/RNBQKBNR w KQkq - 0 2,44
rnbqkbnr/pppp1ppp/8/4p3/4P3/5N2/PPPP1PPP/RNBQKB1R b KQkq - 1 2,43
rnbqkbnr/ppp2ppp/3p4/4p3/4P3/5N2/PPPP1PPP/RNBQKB1R w KQkq - 0 3,59
rnbqkbnr/ppp2ppp/3p4/4p3/3PP3/5N2/PPP2PPP/RNBQKB1R b KQkq - 0 3,57
r1bqkbnr/ppp2ppp/2np4/4p3/3PP3/5N2/PPP2PPP/RNBQKB1R w KQkq - 1 4,67
r1bqkbnr/ppp2ppp/2np4/3Pp3/4P3/5N2/PPP2PPP/RNBQKB1R b KQkq - 0 4,73
r1bqkbnr/ppp2ppp/3p4/3Pp3/1n2P3/5N2/PPP2PPP/RNBQKB1R w KQkq - 1 5,106
r1bqkbnr/ppp2ppp/3p4/3Pp3/1n2P3/P4N2/1PP2PPP/RNBQKB1R b KQkq - 0 5,102
r1bqkbnr/ppp2ppp/n2p4/3Pp3/4P3/P4N2/1PP2PPP/RNBQKB1R w KQkq - 1 6,94
r1bqkbnr/ppp2ppp/n2p4/3Pp3/4P3/P1N2N2/1PP2PPP/R1BQKB1R b KQkq - 2 6,98
r1bqk1nr/ppp1bppp/n2p4/3Pp3/4P3/P1N2N2/1PP2PPP/R1BQKB1R w KQkq - 3 7,97
r1bqk1nr/ppp1bppp/n2p4/3Pp3/1P2P3/P1N2N2/2P2PPP/R1BQKB1R b KQkq - 0 7,78
r1bqk2r/ppp1bppp/n2p1n2/3Pp3/1P2P3/P1N2N2/2P2PPP/R1BQKB1R w KQkq - 1 8,74
r1bqk2r/ppp1bppp/n2p1n2/3Pp1B1/1P2P3/P1N2N2/2P2PPP/R2QKB1R b KQkq - 2 8,41
r1bq1rk1/ppp1bppp/n2p1n2/3Pp1B1/1P2P3/P1N2N2/2P2PPP/R2QKB1R w KQ - 3 9,42
r1bq1rk1/ppp1bppp/n2p1n2/1P1Pp1B1/4P3/P1N2N2/2P2PPP/R2QKB1R b KQ - 0 9,-71
r1bq1rk1/ppp1bppp/3p1n2/1PnPp1B1/4P3/P1N2N2/2P2PPP/R2QKB1R w KQ - 1 10,-45
r1bq1rk1/ppp1bppp/3p1B2/1PnPp3/4P3/P1N2N2/2P2PPP/R2QKB1R b KQ - 0 10,-41
r1bq1rk1/ppp2ppp/3p1b2/1PnPp3/4P3/P1N2N2/2P2PPP/R2QKB1R w KQ - 0 11,-33
r1bq1rk1/ppp2ppp/3p1b2/1PnPp3/4P3/P1NB1N2/2P2PPP/R2QK2R b KQ - 1 11,-61
r1b2rk1/pppq1ppp/3p1b2/1PnPp3/4P3/P1NB1N2/2P2PPP/R2QK2R w KQ - 2 12,-24
r1b2rk1/pppq1ppp/3p1b2/1PnPp3/4P3/P1NB1N2/2P2PPP/R2Q1RK1 b - - 3 12,-42
r1b2rk1/pppq1ppp/3p1b2/1P1Pp3/4P3/P1Nn1N2/2P2PPP/R2Q1RK1 w - - 0 13,-8
r1b2rk1/pppq1ppp/3p1b2/1P1Pp3/4P3/P1NQ1N2/2P2PPP/R4RK1 b - - 0 13,-42
r1b2rk1/pp1q1ppp/2pp1b2/1P1Pp3/4P3/P1NQ1N2/2P2PPP/R4RK1 w - - 0 14,17
r1b2rk1/pp1q1ppp/2pp1b2/1P1Pp3/P3P3/2NQ1N2/2P2PPP/R4RK1 b - - 0 14,-23
r1b2rk1/pp1q1ppp/3p1b2/1P1pp3/P3P3/2NQ1N2/2P2PPP/R4RK1 w - - 0 15,80
r1b2rk1/pp1q1ppp/3p1b2/1P1Np3/P3P3/3Q1N2/2P2PPP/R4RK1 b - - 0 15,91
r1b2rk1/pp3ppp/3pqb2/1P1Np3/P3P3/3Q1N2/2P2PPP/R4RK1 w - - 1 16,240
r1b2rk1/ppN2ppp/3pqb2/1P2p3/P3P3/3Q1N2/2P2PPP/R4RK1 b - - 2 16,251
r1b2rk1/ppN2ppp/3p1b2/1P2p3/P3P1q1/3Q1N2/2P2PPP/R4RK1 w - - 3 17,495
N1b2rk1/pp3ppp/3p1b2/1P2p3/P3P1q1/3Q1N2/2P2PPP/R4RK1 b - - 0 17,518
N4rk1/pp1b1ppp/3p1b2/1P2p3/P3P1q1/3Q1N2/2P2PPP/R4RK1 w - - 1 18,581
5rk1/ppNb1ppp/3p1b2/1P2p3/P3P1q1/3Q1N2/2P2PPP/R4RK1 b - - 2 18,582
2r3k1/ppNb1ppp/3p1b2/1P2p3/P3P1q1/3Q1N2/2P2PPP/R4RK1 w - - 3 19,592
2r3k1/pp1b1ppp/3p1b2/1P1Np3/P3P1q1/3Q1N2/2P2PPP/R4RK1 b - - 4 19,573
2r3k1/pp1b1ppp/3p1bq1/1P1Np3/P3P3/3Q1N2/2P2PPP/R4RK1 w - - 5 20,570
2r3k1/pp1b1ppp/3p1Nq1/1P2p3/P3P3/3Q1N2/2P2PPP/R4RK1 b - - 0 20,565
2r3k1/pp1b1ppp/3p1q2/1P2p3/P3P3/3Q1N2/2P2PPP/R4RK1 w - - 0 21,548
2r3k1/pp1b1ppp/3p1q2/1P2p3/P3P3/3Q1N2/2P2PPP/R2R2K1 b - - 1 21,540
4r1k1/pp1b1ppp/3p1q2/1P2p3/P3P3/3Q1N2/2P2PPP/R2R2K1 w - - 2 22,626
4r1k1/pp1b1ppp/3Q1q2/1P2p3/P3P3/5N2/2P2PPP/R2R2K1 b - - 0 22,634
4r1k1/pp3ppp/3Q1q2/1P2p3/P3P1b1/5N2/2P2PPP/R2R2K1 w - - 1 23,634
4r1k1/pp3ppp/5Q2/1P2p3/P3P1b1/5N2/2P2PPP/R2R2K1 b - - 0 23,617
4r1k1/pp3p1p/5p2/1P2p3/P3P1b1/5N2/2P2PPP/R2R2K1 w - - 0 24,627
4r1k1/pp3p1p/5p2/1P2p3/P3P1b1/3R1N2/2P2PPP/R5K1 b - - 1 24,614
4r1k1/pp3p1p/5p2/1P2p3/P3P3/3R1b2/2P2PPP/R5K1 w - - 0 25,614
4r1k1/pp3p1p/5p2/1P2p3/P3P3/5R2/2P2PPP/R5K1 b - - 0 25,604
3r2k1/pp3p1p/5p2/1P2p3/P3P3/5R2/2P2PPP/R5K1 w - - 1 26,617
3r2k1/pp3p1p/5R2/1P2p3/P3P3/8/2P2PPP/R5K1 b - - 0 26,647
3r4/pp3pkp/5R2/1P2p3/P3P3/8/2P2PPP/R5K1 w - - 1 27,640
3r4/pp3pkp/8/1P2p3/P3P3/5R2/2P2PPP/R5K1 b - - 2 27,645
8/pp3pkp/8/1P2p3/P3P3/5R2/2Pr1PPP/R5K1 w - - 3 28,667
8/pp3pkp/8/1P2p3/P3P3/6R1/2Pr1PPP/R5K1 b - - 4 28,668
5k2/pp3p1p/8/1P2p3/P3P3/6R1/2Pr1PPP/R5K1 w - - 5 29,674
5k2/pp3p1p/8/1P2p3/P3P3/2P3R1/3r1PPP/R5K1 b - - 0 29,651
5k2/pp3p1p/8/1P2p3/P3P3/2P3R1/4rPPP/R5K1 w - - 1 30,657
5k2/pp3p1p/8/1P2p3/P3P3/2P2PR1/4r1PP/R5K1 b - - 0 30,634
5k2/pp3p1p/8/1P2p3/P3P3/2P2PR1/2r3PP/R5K1 w - - 1 31,626
5k2/pp3p1p/8/1P2p1R1/P3P3/2P2P2/2r3PP/R5K1 b - - 2 31,621
5k2/pp5p/5p2/1P2p1R1/P3P3/2P2P2/2r3PP/R5K1 w - - 0 32,624
5k2/pp5p/5p2/1P2p2R/P3P3/2P2P2/2r3PP/R5K1 b - - 1 32,633
8/pp4kp/5p2/1P2p2R/P3P3/2P2P2/2r3PP/R5K1 w - - 2 33,648
8/pp4kp/5p2/1P2p2R/P3P3/2P2P2/2r3PP/3R2K1 b - - 3 33,641
8/pp5p/5pk1/1P2p2R/P3P3/2P2P2/2r3PP/3R2K1 w - - 4 34,661
8/pp5p/5pk1/1P2p3/P3P3/2P2P1R/2r3PP/3R2K1 b - - 5 34,639
8/pp5p/5pk1/1P2p3/P3P3/2r2P1R/6PP/3R2K1 w - - 0 35,642
8/pp1R3p/5pk1/1P2p3/P3P3/2r2P1R/6PP/6K1 b - - 1 35,660
8/pp1R3p/5pk1/1P2p3/P3P3/5P1R/6PP/2r3K1 w - - 2 36,750
8/pp1R3p/5pk1/1P2p3/P3P3/5P1R/5KPP/2r5 b - - 3 36,765
8/pp1R3p/5pk1/1P2p3/P3P3/5P1R/2r2KPP/8 w - - 4 37,847
8/pp1R3p/5pk1/1P2p3/P3P3/5PKR/2r3PP/8 b - - 5 37,880
8/pp1R4/5pk1/1P2p2p/P3P3/5PKR/2r3PP/8 w - - 0 38,913
8/pR6/5pk1/1P2p2p/P3P3/5PKR/2r3PP/8 b - - 0 38,909
8/pR6/5p2/1P2p1kp/P3P3/5PKR/2r3PP/8 w - - 1 39,Mate in <bound method Mate.mate of Mate(+7)>
8/R7/5p2/1P2p1kp/P3P3/5PKR/2r3PP/8 b - - 0 39,899
8/R7/5p2/1P2p1k1/P3P2p/5PKR/2r3PP/8 w - - 0 40,1242
8/R7/5p2/1P2p1k1/P3P2R/5PK1/2r3PP/8 b - - 0 40,1228
8/R7/5p2/1P2p1k1/P3P2R/5PK1/6rP/8 w - - 0 41,Mate in <bound method Mate.mate of Mate(+16)>
8/R7/5p2/1P2p1k1/P3P2R/5P2/6KP/8 b - - 0 41,Mate in <bound method Mate.mate of Mate(-7)>
8/R7/5p2/1P2p3/P3P2k/5P2/6KP/8 w - - 0 42,Mate in <bound method Mate.mate of Mate(+7)>
8/R7/1P3p2/4p3/P3P2k/5P2/6KP/8 b - - 0 42,1436
8/R7/1P3p2/4p1k1/P3P3/5P2/6KP/8 w - - 1 43,1866
8/RP6/5p2/4p1k1/P3P3/5P2/6KP/8 b - - 0 43,1531
8/RP6/8/4ppk1/P3P3/5P2/6KP/8 w - - 0 44,Mate in <bound method Mate.mate of Mate(+4)>
8/RP6/8/4pPk1/P7/5P2/6KP/8 b - - 0 44,1449
8/RP6/8/4pk2/P7/5P2/6KP/8 w - - 0 45,Mate in <bound method Mate.mate of Mate(+6)>
1Q6/R7/8/4pk2/P7/5P2/6KP/8 b - - 0 45,Mate in <bound method Mate.mate of Mate(-4)>
1Q6/R7/8/5k2/P3p3/5P2/6KP/8 w - - 0 46,Mate in <bound method Mate.mate of Mate(+3)>
1Q6/5R2/8/5k2/P3p3/5P2/6KP/8 b - - 1 46,Mate in <bound method Mate.mate of Mate(-6)>
1Q6/5R2/8/6k1/P3p3/5P2/6KP/8 w - - 2 47,Mate in <bound method Mate.mate of Mate(+2)>
6Q1/5R2/8/6k1/P3p3/5P2/6KP/8 b - - 3 47,Mate in <bound method Mate.mate of Mate(-1)>
6Q1/5R2/7k/8/P3p3/5P2/6KP/8 w - - 4 48,Mate in <bound method Mate.mate of Mate(+1)>
6Q1/7R/7k/8/P3p3/5P2/6KP/8 b - - 5 48,Mate in <bound method Mate.mate of Mate(-0)>
rnbqkbnr/pppppppp/8/8/4P3/8/PPPP1PPP/RNBQKBNR b KQkq - 0 1,22
rnbqkbnr/pp1ppppp/8/2p5/4P3/8/PPPP1PPP/RNBQKBNR w KQkq - 0 2,35
rnbqkbnr/pp1ppppp/8/2p5/4P3/5N2/PPPP1PPP/RNBQKB1R b KQkq - 1 2,41
rnb1kbnr/pp1ppppp/8/q1p5/4P3/5N2/PPPP1PPP/RNBQKB1R w KQkq - 2 3,74
rnb1kbnr/pp1ppppp/8/q1p5/4P3/P4N2/1PPP1PPP/RNBQKB1R b KQkq - 0 3,40
rnbqkbnr/pppppppp/8/8/3P4/8/PPP1PPPP/RNBQKBNR b KQkq - 0 1,36
rnbqkbnr/ppp1pppp/8/3p4/3P4/8/PPP1PPPP/RNBQKBNR w KQkq - 0 2,27
rnbqkbnr/ppp1pppp/8/3p4/3PP3/8/PPP2PPP/RNBQKBNR b KQkq - 0 2,-47
rnbqkbnr/ppp1pppp/8/8/3Pp3/8/PPP2PPP/RNBQKBNR w KQkq - 0 3,-44
rnbqkbnr/ppp1pppp/8/8/3Pp3/2N5/PPP2PPP/R1BQKBNR b KQkq - 1 3,-37
rnbqkb1r/ppp1pppp/5n2/8/3Pp3/2N5/PPP2PPP/R1BQKBNR w KQkq - 2 4,-33
rnbqkb1r/ppp1pppp/5n2/8/3Pp3/2N2P2/PPP3PP/R1BQKBNR b KQkq - 0 4,-63
rnbqkb1r/ppp1pppp/5n2/8/3P4/2N2p2/PPP3PP/R1BQKBNR w KQkq - 0 5,-51
rnbqkb1r/ppp1pppp/5n2/8/3P4/2N2N2/PPP3PP/R1BQKB1R b KQkq - 0 5,-58
r1bqkb1r/ppp1pppp/2n2n2/8/3P4/2N2N2/PPP3PP/R1BQKB1R w KQkq - 1 6,-49
r1bqkb1r/ppp1pppp/2n2n2/1B6/3P4/2N2N2/PPP3PP/R1BQK2R b KQkq - 2 6,-28
r1bqkb1r/1pp1pppp/p1n2n2/1B6/3P4/2N2N2/PPP3PP/R1BQK2R w KQkq - 0 7,39
r1bqkb1r/1pp1pppp/p1n2n2/8/3P4/2NB1N2/PPP3PP/R1BQK2R b KQkq - 1 7,-143
r2qkb1r/1pp1pppp/p1n2n2/8/3P2b1/2NB1N2/PPP3PP/R1BQK2R w KQkq - 2 8,-138
r2qkb1r/1pp1pppp/p1n2n2/8/3P2b1/2NB1N2/PPP3PP/R1BQ1RK1 b kq - 3 8,-217
r2qkb1r/1pp1pppp/p4n2/8/3n2b1/2NB1N2/PPP3PP/R1BQ1RK1 w kq - 0 9,-215
r2qkb1r/1pp1pppp/p4n2/8/3n2b1/2N2N2/PPP1B1PP/R1BQ1RK1 b kq - 1 9,-329
r2qkb1r/1pp1pppp/p4n2/8/6b1/2N2N2/PPP1n1PP/R1BQ1RK1 w kq - 0 10,-223
r2qkb1r/1pp1pppp/p4n2/8/6b1/2N2N2/PPP1Q1PP/R1B2RK1 b kq - 0 10,-205
r2qkb1r/1pp1pppp/p4n2/8/8/2N2b2/PPP1Q1PP/R1B2RK1 w kq - 0 11,-112
r2qkb1r/1pp1pppp/p4n2/8/8/2N2Q2/PPP3PP/R1B2RK1 b kq - 0 11,-100
r3kb1r/1pp1pppp/p4n2/8/3q4/2N2Q2/PPP3PP/R1B2RK1 w kq - 1 12,-153
r3kb1r/1pp1pppp/p4n2/8/3q4/2N1BQ2/PPP3PP/R4RK1 b kq - 2 12,-169
r3kb1r/1pp1pppp/p4n2/8/6q1/2N1BQ2/PPP3PP/R4RK1 w kq - 3 13,295
r3kb1r/1Qp1pppp/p4n2/8/6q1/2N1B3/PPP3PP/R4RK1 b kq - 0 13,372
3rkb1r/1Qp1pppp/p4n2/8/6q1/2N1B3/PPP3PP/R4RK1 w k - 1 14,387
3rkb1r/2p1pppp/p1Q2n2/8/6q1/2N1B3/PPP3PP/R4RK1 b k - 2 14,124
3rkb1r/2pnpppp/p1Q5/8/6q1/2N1B3/PPP3PP/R4RK1 w k - 3 15,545
3rkb1r/2pnpppp/p1Q5/3N4/6q1/4B3/PPP3PP/R4RK1 b k - 4 15,540
3rkb1r/2pn1ppp/p1Q1p3/3N4/6q1/4B3/PPP3PP/R4RK1 w k - 0 16,567
3rkb1r/2Nn1ppp/p1Q1p3/8/6q1/4B3/PPP3PP/R4RK1 b k - 0 16,667
3r1b1r/2Nnkppp/p1Q1p3/8/6q1/4B3/PPP3PP/R4RK1 w - - 1 17,706
3r1b1r/2Nnkppp/p1Q1p3/8/6q1/8/PPPB2PP/R4RK1 b - - 2 17,434
rnbqkbnr/pppppppp/8/8/4P3/8/PPPP1PPP/RNBQKBNR b KQkq - 0 1,34
r1bqkbnr/pppppppp/2n5/8/4P3/8/PPPP1PPP/RNBQKBNR w KQkq - 1 2,54
r1bqkbnr/pppppppp/2n5/8/3PP3/8/PPP2PPP/RNBQKBNR b KQkq - 0 2,60
r1bqkbnr/pppp1ppp/2n5/4p3/3PP3/8/PPP2PPP/RNBQKBNR w KQkq - 0 3,59
r1bqkbnr/pppp1ppp/2n5/3Pp3/4P3/8/PPP2PPP/RNBQKBNR b KQkq - 0 3,61
r1bqkbnr/ppppnppp/8/3Pp3/4P3/8/PPP2PPP/RNBQKBNR w KQkq - 1 4,50
r1bqkbnr/ppppnppp/8/3Pp3/4P3/2P5/PP3PPP/RNBQKBNR b KQkq - 0 4,28
r1bqkbnr/pppp1ppp/6n1/3Pp3/4P3/2P5/PP3PPP/RNBQKBNR w KQkq - 1 5,27
r1bqkbnr/pppp1ppp/6n1/3Pp3/1P2P3/2P5/P4PPP/RNBQKBNR b KQkq - 0 5,-61
rnbqkbnr/pppppppp/8/8/4P3/8/PPPP1PPP/RNBQKBNR b KQkq - 0 1,39
rnbqkbnr/pppp1ppp/8/4p3/4P3/8/PPPP1PPP/RNBQKBNR w KQkq - 0 2,52
rnbqkbnr/pppp1ppp/8/4p3/2B1P3/8/PPPP1PPP/RNBQK1NR b KQkq - 1 2,18
r1bqkbnr/pppp1ppp/2n5/4p3/2B1P3/8/PPPP1PPP/RNBQK1NR w KQkq - 2 3,11
r1bqkbnr/pppp1ppp/2n5/4p3/2B1P3/5N2/PPPP1PPP/RNBQK2R b KQkq - 3 3,7
r1bqkbnr/pppp1ppp/8/4p3/2BnP3/5N2/PPPP1PPP/RNBQK2R w KQkq - 4 4,124
r1bqkbnr/pppp1ppp/8/4p3/2BnP3/3P1N2/PPP2PPP/RNBQK2R b KQkq - 0 4,40
r1bqkbnr/pppp1ppp/8/4p3/2B1P3/3P1n2/PPP2PPP/RNBQK2R w KQkq - 0 5,50
r1bqkbnr/pppp1ppp/8/4p3/2B1P3/3P1Q2/PPP2PPP/RNB1K2R b KQkq - 0 5,52
r1bqkb1r/pppp1ppp/5n2/4p3/2B1P3/3P1Q2/PPP2PPP/RNB1K2R w KQkq - 1 6,55
r1bqkb1r/pppp1ppp/5n2/4p3/2B1P3/3P1Q1P/PPP2PP1/RNB1K2R b KQkq - 0 6,30
r1bqk2r/pppp1ppp/5n2/2b1p3/2B1P3/3P1Q1P/PPP2PP1/RNB1K2R w KQkq - 1 7,39
r1bqk2r/pppp1ppp/5n2/2b1p3/2B1P3/P2P1Q1P/1PP2PP1/RNB1K2R b KQkq - 0 7,3
r1bq1rk1/pppp1ppp/5n2/2b1p3/2B1P3/P2P1Q1P/1PP2PP1/RNB1K2R w KQ - 1 8,16
r1bq1rk1/pppp1ppp/5n2/2b1p3/2B1P3/P2PBQ1P/1PP2PP1/RN2K2R b KQ - 2 8,8
r1bq1rk1/pppp1ppp/5n2/4p3/2B1P3/P2PbQ1P/1PP2PP1/RN2K2R w KQ - 0 9,-2
r1bq1rk1/pppp1ppp/5n2/4p3/2B1P3/P2PQ2P/1PP2PP1/RN2K2R b KQ - 0 9,0
r1bqr1k1/pppp1ppp/5n2/4p3/2B1P3/P2PQ2P/1PP2PP1/RN2K2R w KQ - 1 10,-5
r1bqr1k1/pppp1ppp/5n2/4p3/2B1P3/P2P1Q1P/1PP2PP1/RN2K2R b KQ - 2 10,-17
r1bqr1k1/pp1p1ppp/2p2n2/4p3/2B1P3/P2P1Q1P/1PP2PP1/RN2K2R w KQ - 0 11,-18
r1bqr1k1/pp1p1ppp/2p2n2/4p3/2B1P3/P1NP1Q1P/1PP2PP1/R3K2R b KQ - 1 11,-23
r1bqr1k1/p2p1ppp/2p2n2/1p2p3/2B1P3/P1NP1Q1P/1PP2PP1/R3K2R w KQ - 0 12,-18
r1bqr1k1/p2p1ppp/2p2n2/1p2p3/4P3/PBNP1Q1P/1PP2PP1/R3K2R b KQ - 1 12,-17
r1b1r1k1/p2p1ppp/2p2n2/qp2p3/4P3/PBNP1Q1P/1PP2PP1/R3K2R w KQ - 2 13,42
r1b1r1k1/p2p1ppp/2p2n2/qp2p3/4P3/PBNP1Q1P/1PP2PP1/R4RK1 b - - 3 13,19
r3r1k1/pb1p1ppp/2p2n2/qp2p3/4P3/PBNP1Q1P/1PP2PP1/R4RK1 w - - 4 14,60
r3r1k1/pb1p1ppp/2p2n2/qp2p3/4P3/PB1P1Q1P/1PP1NPP1/R4RK1 b - - 5 14,15
r3r1k1/pb1p1ppp/5n2/qpp1p3/4P3/PB1P1Q1P/1PP1NPP1/R4RK1 w - - 0 15,64
r3r1k1/pb1p1ppp/5n2/qpp1p3/4P3/PB1P1Q1P/1PP1NPP1/R2R2K1 b - - 1 15,-3
r3r1k1/pb3ppp/3p1n2/qpp1p3/4P3/PB1P1Q1P/1PP1NPP1/R2R2K1 w - - 0 16,34
r3r1k1/pb3ppp/3p1n2/qpp1p3/2P1P3/PB1P1Q1P/1P2NPP1/R2R2K1 b - - 0 16,-4
r3r1k1/pb3ppp/3p1n2/q1p1p3/2p1P3/PB1P1Q1P/1P2NPP1/R2R2K1 w - - 0 17,54
r3r1k1/pb3ppp/3p1n2/q1p1p3/2P1P3/PB3Q1P/1P2NPP1/R2R2K1 b - - 0 17,-97
2r1r1k1/pb3ppp/3p1n2/q1p1p3/2P1P3/PB3Q1P/1P2NPP1/R2R2K1 w - - 1 18,90
2r1r1k1/pb3ppp/3p1n2/q1pRp3/2P1P3/PB3Q1P/1P2NPP1/R5K1 b - - 2 18,-286
2r1r1k1/p4ppp/3p1n2/q1pbp3/2P1P3/PB3Q1P/1P2NPP1/R5K1 w - - 0 19,-286
2r1r1k1/p4ppp/3p1n2/q1pPp3/2P5/PB3Q1P/1P2NPP1/R5K1 b - - 0 19,-284
2r1r1k1/p4ppp/1q1p1n2/2pPp3/2P5/PB3Q1P/1P2NPP1/R5K1 w - - 1 20,-189
2r1r1k1/p4ppp/1q1p1n2/2pPp3/2P5/PB3Q1P/1P3PP1/R1N3K1 b - - 2 20,-273
2r1r1k1/p4ppp/1q1p1n2/2pP4/2P1p3/PB3Q1P/1P3PP1/R1N3K1 w - - 0 21,-267
2r1r1k1/p4ppp/1q1p1n2/2pP4/2P1pQ2/PB5P/1P3PP1/R1N3K1 b - - 1 21,-337
2r1r1k1/p4ppp/1q1p4/2pP3n/2P1pQ2/PB5P/1P3PP1/R1N3K1 w - - 2 22,-275
2r1r1k1/p4ppp/1q1p4/2pP3n/2P1p1Q1/PB5P/1P3PP1/R1N3K1 b - - 3 22,-311
2r1r1k1/p4ppp/1q1p1n2/2pP4/2P1p1Q1/PB5P/1P3PP1/R1N3K1 w - - 4 23,-293
2r1r1k1/p4ppp/1q1p1n2/2pP4/2P1pQ2/PB5P/1P3PP1/R1N3K1 b - - 5 23,-378
2r1r1k1/p4ppp/3p1n2/q1pP4/2P1pQ2/PB5P/1P3PP1/R1N3K1 w - - 6 24,-295
2r1r1k1/p4ppp/3p1n2/q1pP4/2P1pQ2/P6P/1PB2PP1/R1N3K1 b - - 7 24,-402
2r1r1k1/p4ppp/3p1n2/2pP4/2P1pQ2/P6P/1PB2PP1/R1N1q1K1 w - - 8 25,-398
2r1r1k1/p4ppp/3p1n2/2pP4/2P1pQ2/P6P/1PB2PPK/R1N1q3 b - - 9 25,-418
2r1r1k1/p4ppp/3p4/2pP3n/2P1pQ2/P6P/1PB2PPK/R1N1q3 w - - 10 26,-260
2r1r1k1/p4ppp/3Q4/2pP3n/2P1p3/P6P/1PB2PPK/R1N1q3 b - - 0 26,-567
2r1r1k1/p4ppp/3Q4/2pP3n/2P1p3/P6P/1PB2qPK/R1N5 w - - 0 27,-581
2r1r1k1/p4ppp/3Q4/2pP3n/2P1B3/P6P/1P3qPK/R1N5 b - - 0 27,-581
2r3k1/p4ppp/3Q4/2pP3n/2P1r3/P6P/1P3qPK/R1N5 w - - 0 28,-601
2r3k1/p4ppp/3Q4/2pP3n/2P1r3/P2N3P/1P3qPK/R7 b - - 1 28,-597
2r3k1/p4ppp/3Q4/2pP3n/2P1r3/P2N2qP/1P4PK/R7 w - - 2 29,-461
2r3k1/p4ppp/3Q4/2pP3n/2P1r3/P2N2qP/1P4P1/R5K1 b - - 3 29,-891
2r3k1/p4ppp/3Q4/2pP3n/2P1r3/P2q3P/1P4P1/R5K1 w - - 0 30,-657
2r3k1/p4ppp/3Q4/2pP3n/2P1r3/P2q3P/1P4P1/5RK1 b - - 1 30,-814
4r1k1/p4ppp/3Q4/2pP3n/2P1r3/P2q3P/1P4P1/5RK1 w - - 2 31,-745
4r1k1/p2Q1ppp/8/2pP3n/2P1r3/P2q3P/1P4P1/5RK1 b - - 3 31,-872
4r1k1/p2Q1ppp/8/2pP3n/2P1r3/P3q2P/1P4P1/5RK1 w - - 4 32,-830
4r1k1/p2Q1ppp/8/2pP3n/2P1r3/P3q2P/1P4P1/5R1K b - - 5 32,Mate in <bound method Mate.mate of Mate(+7)>
4r1k1/p2Q1ppp/8/2pP4/2P1r3/P3q1nP/1P4P1/5R1K w - - 6 33,Mate in <bound method Mate.mate of Mate(-6)>
4r1k1/p2Q1ppp/8/2pP4/2P1r3/P3q1nP/1P4PK/5R2 b - - 7 33,Mate in <bound method Mate.mate of Mate(+6)>
4r1k1/p2Q1ppp/8/2pP4/2P1r3/P3q2P/1P4PK/5n2 w - - 0 34,Mate in <bound method Mate.mate of Mate(-5)>
